"county_year","GROUP","CI.lower","CI.upper","IR","COUNTY","abundance","density","YEAR","Cases","county","TMINC_1","TMINC_2","TMEANC_1","TMEANC_2","TMAXC_1","TMAXC_2","PR_1","PR_2","RMEAN_1","RMEAN_2","VPD_1","VPD_2","district","year","MERGE_ID","OBSERVED","PREDICTED"
"beadle_2005","beadle_2005",0,0,0,"beadle",76,25.3333333333333,2005,2,"beadle",-10.3188409776933,8.08593830564767,-4.08332848604916,14.6310430996951,2.15218400559501,21.1761478937426,0.328239187069112,2.92700201212714,70.116818271086,65.638933777908,0.225869830411256,0.750848966873626,"BEADLE","2005","beadle_2005",2,1.82118255070836
"beadle_2006","beadle_2006",0,0,0,"beadle",54,4.90909090909091,2006,2,"beadle",-7.06818345246909,8.30331395641074,-1.92128919929022,15.502987779526,3.22560505388863,22.7026616026412,0.446291143329667,1.41710182058997,73.0368367392245,63.7492147127385,0.195930377170034,0.940284237190204,"BEADLE","2006","beadle_2006",2,2.78778385579952
"beadle_2007","beadle_2007",0.000391591512648901,0.00149271274994029,0.000844208181547802,"beadle",11098,47.2255319148936,2007,6,"beadle",-10.6646803956727,8.32991904807792,-5.39687522878682,14.6677318799645,-0.129070061900932,21.005544711851,1.05406680488924,4.00291452608948,73.804216617593,64.0602162139727,0.193843365187127,0.781907618089396,"BEADLE","2007","beadle_2007",6,4.27487185311258
"beadle_2008","beadle_2008",0,0,0,"beadle",1150,25.5555555555556,2008,4,"beadle",-12.9846846071848,5.34521413122194,-6.83243481114484,12.171715883318,-0.680185015104814,18.9982176354142,0.437712772365627,2.62904782065733,71.7270800970777,64.1132936613377,0.167810189526308,0.711822240300752,"BEADLE","2008","beadle_2008",4,1.29403742543141
"beadle_2009","beadle_2009",0.000190381480581861,0.0159937671734525,0.00363775277523115,"beadle",294,42,2009,2,"beadle",-12.1338572482376,6.49989874152136,-6.17097724770019,13.1551507906851,-0.208097247162758,19.8104028398489,0.774309412907086,2.08300782918739,71.6983658857656,62.6987250691327,0.186646973706792,0.808430949113414,"BEADLE","2009","beadle_2009",2,4.21674636911086
"brookings_2005","brookings_2005",0.000669404244005777,0.00406427980411433,0.001878688592732,"brookings",2763,32.8928571428571,2005,4,"brookings",-10.8123968627784,8.19649620462329,-5.16122070644723,14.275881821222,0.489955449883953,20.3552674378208,0.482508845504373,2.97621413233111,70.1028422954334,62.5894122025043,0.192801909535154,0.762399302578912,"BROOKINGS","2005","brookings_2005",4,4.82030535746934
"brookings_2006","brookings_2006",0.00335951323601838,0.0125659354925447,0.00697250903459676,"brookings",1391,18.7972972972973,2006,7,"brookings",-8.02665632535451,8.42931728162355,-3.50893710237308,14.6557179451405,1.00878212060833,20.8821186086575,0.569650200247748,1.95167159952849,76.9674394385914,61.9862716753744,0.135057365720179,0.851305299512926,"BROOKINGS","2006","brookings_2006",7,7.52784463894971
"brookings_2007","brookings_2007",0.000452812549101484,0.00109934837335741,0.000733137435857406,"brookings",32463,41.4597701149425,2007,6,"brookings",-10.8536333553832,7.94079708199882,-6.05577885566886,14.0048971046987,-1.25792435595458,20.0689971273987,1.19930846951027,2.82502045065143,72.0010315411681,61.1448681180015,0.172543900906337,0.807571938491054,"BROOKINGS","2007","brookings_2007",6,2.81032884416997
"brookings_2008","brookings_2008",0.000713738285023186,0.00277163633618182,0.00148850172629637,"brookings",5414,15.7842565597668,2008,0,"brookings",-13.9673675026961,5.33712713343114,-8.48329337809315,11.525456128533,-2.99921925349018,17.7137851236348,0.42125234668944,2.71192807035508,73.0314202566438,62.6344914103885,0.130111938897214,0.689086590720803,"BROOKINGS","2008","brookings_2008",0,2.78233488934992
"brookings_2009","brookings_2009",0.000560642801223667,0.00162750867712688,0.000960219475090903,"brookings",11579,38.986531986532,2009,0,"brookings",-13.3210710805663,6.10476095280111,-7.59788817196177,12.3592785994483,-1.87470526335719,18.6137962460955,0.756241820275738,1.85282114324421,74.2577918339239,59.9170369530114,0.155573383530329,0.782237265606918,"BROOKINGS","2009","brookings_2009",0,3.16494843511793
"brookings_2010","brookings_2010",6.61069613518961e-05,0.000188177273851896,6.61069613518961e-05,"brookings",37370,81.4161220043573,2010,2,"brookings",-11.8988648132094,7.99433467329322,-7.28765854051501,14.1353469042913,-2.67645226782059,20.2763591352894,0.848724876681406,3.49916007927259,75.3187448601541,60.5942155918182,0.149419209364386,0.800296666569183,"BROOKINGS","2010","brookings_2010",2,2.84649552248505
"brookings_2011","brookings_2011",0.000106963310360344,0.000437126940449822,0.000106963310360344,"brookings",10375,28.9804469273743,2011,3,"brookings",-13.3326569657176,6.22783153572691,-7.99783147446619,12.4706216371957,-2.66300598321481,18.7134117386644,1.30384243435604,3.03296030339154,74.7899366228812,64.3076285320317,0.136272898219116,0.706540594222508,"BROOKINGS","2011","brookings_2011",3,2.17090053770632
"brookings_2012","brookings_2012",0.00173431947192678,0.00510804567451933,0.00310562001514186,"brookings",4237,11.8022284122563,2012,5,"brookings",-5.76856101739397,8.37673858403704,0.248775631683961,15.2733703123328,6.26611228076189,22.1700020406287,0.872709700895421,3.44874345279809,63.0765764958896,56.8956736908492,0.387247522150276,1.01355047813124,"BROOKINGS","2012","brookings_2012",5,6.71697497279655
"brookings_2013","brookings_2013",0.00198375525621012,0.00281873964238191,0.0023304583923819,"brookings",55990,46.7362270450751,2013,3,"brookings",-13.4735640594487,5.30770418130895,-7.81392385541606,11.2009324451133,-2.15428365138339,17.0941607089176,0.645682740198088,3.46537481306483,77.5824376229376,66.6234045779601,0.104506155308949,0.650277187853277,"BROOKINGS","2013","brookings_2013",3,3.10552130044844
"brown_2005","brown_2005",0.000251547403482485,0.0211126586573215,0.0047854505552667,"brown",234,39,2005,10,"brown",-12.1942435451077,7.32424807027946,-5.96201713335492,13.8880872826802,0.27020927839785,20.451926495081,0.30213475941245,3.40538882708543,71.4240180921405,64.1107183735886,0.196497011835078,0.749035066316768,"BROWN","2005","brown_2005",10,5.18642238043642
"brown_2006","brown_2006",0.00336535138926948,0.0171282939632757,0.00849040840721946,"brown",710,6.51376146788991,2006,9,"brown",-8.44760397884973,7.91190061462477,-3.65885731823043,14.769218547474,1.12988934238887,21.6265364803231,0.433377839376984,1.73062412338728,75.4348384795439,64.1762927258867,0.150126435062638,0.878098813421177,"BROWN","2006","brown_2006",9,8.08252453653226
"brown_2007","brown_2007",0.00145180340037022,0.00523111035408661,0.00296463195699043,"brown",3449,22.6907894736842,2007,11,"brown",-12.7983887313392,7.67841107978239,-7.2941621442187,13.9377512437495,-1.78993555709813,20.1970914077167,0.790837902124032,4.09776356131671,74.1504879978838,63.5907105281538,0.162189470873472,0.779886150304053,"BROWN","2007","brown_2007",11,3.7413383719716
"brown_2008","brown_2008",0,0,0,"brown",50,50,2008,4,"brown",-15.0276578586822,4.61916616111377,-8.6691855091261,11.6599181339906,-2.31071315957001,18.7006701068674,0.30973947833592,1.91798593479685,73.4540949086819,62.6594465785745,0.147083704724848,0.744453246963582,"BROWN","2008","brown_2008",4,3.12542014518822
"brown_2009","brown_2009",0.00115176795929539,0.0829460840479746,0.0194244374574634,"brown",54,9,2009,4,"brown",-14.8549255496221,5.67181684268454,-9.16264168732514,12.1972047720662,-3.47035782502815,18.7225927014479,0.843457947694075,1.81490364571253,76.2056572453622,62.9422813639652,0.125004689573391,0.754561214552092,"BROWN","2009","brown_2009",4,6.33022247360484
"brown_2010","brown_2010",6.61069613518961e-05,0.000360268448869861,6.61069613518961e-05,"brown",12951,81.9683544303797,2010,3,"brown",-12.7869939889475,8.28453360923948,-7.9505329506654,14.263399112817,-3.11407191238333,20.2422646163945,0.816080575124335,2.83961571661587,77.1899970496042,62.4359750347617,0.134990033759731,0.777317683578575,"BROWN","2010","brown_2010",3,2.28070145083611
"brown_2011","brown_2011",0.000106963310360344,0.00041147955822771,0.000106963310360344,"brown",14618,34.5579196217494,2011,2,"brown",-14.9480071922109,5.58187781252592,-9.37910061856513,12.5536714707651,-3.81019404491939,19.5254651290043,0.850139713259285,2.83395273680669,76.4343188088957,65.2514477942134,0.120566000570073,0.758285585599851,"BROWN","2011","brown_2011",2,2.07269770113146
"brown_2012","brown_2012",0.00430184926377322,0.00969180161514204,0.00664477191315723,"brown",3767,26.3426573426573,2012,11,"brown",-6.50857469220317,7.82927641274246,-0.141963246826686,15.2815665887075,6.22464819854981,22.7338567646727,0.503231398605498,2.2004288352934,65.2960620814809,56.4390272557969,0.38399902115517,1.09622806972594,"BROWN","2012","brown_2012",11,7.64089530943471
"brown_2013","brown_2013",0.00170647655233199,0.00320866813239323,0.00237819878717742,"brown",17631,40.3455377574371,2013,7,"brown",-15.0654201489735,4.46533755289091,-9.1506940381902,10.8703524987594,-3.23596792740688,17.2753674446278,0.613455483994793,2.72701268498687,79.1912468953831,68.6462051591858,0.0837465042584975,0.642705058824787,"BROWN","2013","brown_2013",7,3.13611913874353
"brule_2011","brule_2011",0,0,0,"brule",184,23,2011,0,"brule",-11.7984080634379,6.58213947000908,-5.83991860217213,13.5804027839122,0.118570859093625,20.5786660978154,0.877819753758941,3.77782476452014,74.4855824645933,63.6111511652012,0.179327748018517,0.806971016797482,"BRULE","2011","brule_2011",0,2.61247670371527
"codington_2004","codington_2004",0.000588699620363806,0.0112101787354531,0.00363836049549896,"codington",552,14.9189189189189,2004,0,"codington",-11.6289527788104,5.26264156391011,-6.2337192257373,11.9420905105559,-0.838485672664169,18.6215394572017,0.579074981083068,2.67497057060966,70.9706243728518,61.6439620774431,0.168540438033082,0.732873524686384,"CODINGTON","2004","codington_2004",0,4.37173873380768
"codington_2006","codington_2006",0.00256502141298862,0.0193232794815405,0.00834700921910594,"codington",533,15.2285714285714,2006,8,"codington",-8.68787418041294,8.16727236124704,-4.2231855588334,14.3562476951424,0.241503062746135,20.5452230290378,0.429978183158354,1.95358891718994,76.9507239684413,63.9165672736467,0.123577993681345,0.79481018294917,"CODINGTON","2006","codington_2006",8,7.26952249770436
"codington_2008","codington_2008",0,0,0,"codington",278,30.8888888888889,2008,1,"codington",-14.5414626804532,4.77373231444864,-8.89775974943545,10.9676765743716,-3.25405681841774,17.1616208342946,0.376284210368,2.54961549746007,73.3294324892615,63.8021375731945,0.126994924052097,0.636584786585443,"CODINGTON","2008","codington_2008",1,2.3254877600606
"codington_2009","codington_2009",0,0,0,"codington",129,43,2009,2,"codington",-14.3710434944976,5.63329247151265,-8.77441058345938,11.9664820988472,-3.17777767242114,18.2996717261817,0.836451264052103,1.51378110758026,76.1283225024628,61.8795319130455,0.128251739593657,0.731813782254295,"CODINGTON","2009","codington_2009",2,1.51173344062607
"codington_2010","codington_2010",0.0001076045720945,0.00229738144081718,0.000534484076228033,"codington",1920,40.8510638297872,2010,2,"codington",-12.3306913087829,7.86634351250076,-7.67805942648436,13.8367931899106,-3.0254275441858,19.8072428673205,0.715902189475922,2.41188380736836,77.7092147083118,62.7021810928013,0.126595401716967,0.734866362054234,"CODINGTON","2010","codington_2010",2,4.12224508711807
"codington_2011","codington_2011",0,0,0,"codington",835,17.7659574468085,2011,2,"codington",-13.8501771585743,5.90855130999994,-8.59563297443144,12.1444034177544,-3.34108879028858,18.3802555255088,1.22409818988207,2.6572016328907,76.0716015328043,66.2156985385881,0.120778979824431,0.650432697676256,"CODINGTON","2011","codington_2011",2,1.73307925968337
"codington_2012","codington_2012",6.29602098186491e-05,0.00543800938290357,0.00122693141148527,"codington",815,15.377358490566,2012,4,"codington",-6.43205143397608,8.19407323576806,-0.492190247902986,14.9640403304099,5.4476709381701,21.7340074250517,0.646031540066993,2.69444383432031,64.4164278228064,57.4859787317047,0.357334174453603,0.984033871548831,"CODINGTON","2012","codington_2012",4,4.64548572487947
"codington_2013","codington_2013",0.000489301723158854,0.00302066768466393,0.00140317534682673,"codington",3644,36.8080808080808,2013,5,"codington",-14.4827173652382,4.7383640687982,-8.77244254723487,10.5760343184024,-3.06216772923159,16.4137045680065,0.758485482843203,3.14516994301649,78.3467382946249,69.72278950184,0.0844802344919094,0.5722985912875,"CODINGTON","2013","codington_2013",5,1.4122257328418
"davison_2006","davison_2006",0.000181308904283299,0.0152830293330595,0.0034671145537584,"davison",313,13.0416666666667,2006,5,"davison",-6.07530027703027,9.27508535817183,-0.584938767733141,16.5704358337572,4.90542274156399,23.8657863093427,0.499985640031991,1.90592712158556,70.4149933316866,60.3752383607983,0.241106244105892,1.07747360197891,"DAVISON","2006","davison_2006",5,5.38312416072716
"davison_2007","davison_2007",0.000109524987477413,0.00112690729865189,0.000499105106159653,"davison",8393,46.3701657458564,2007,5,"davison",-8.89512349137115,9.30438586466613,-3.7242275340737,15.7090914299243,1.44666842322374,22.1137969951825,1.24478054024912,3.66276436875899,70.4529415866814,60.3127460514239,0.239174900534361,0.920421368216454,"DAVISON","2007","davison_2007",5,3.82727419852216
"davison_2008","davison_2008",9.08711445824292e-05,0.00196854673403366,0.000453103853784823,"davison",2257,40.3035714285714,2008,0,"davison",-11.3294092542192,6.44748891482556,-5.29140811160565,13.2008610272793,0.746593031007899,19.9542331397331,0.401604156410098,2.87654046653087,69.6674741777052,62.171878454715,0.192560251073771,0.793733267909064,"DAVISON","2008","davison_2008",0,1.56365228379343
"davison_2009","davison_2009",7.54338277833033e-05,0.00631983706073409,0.0014656409312315,"davison",721,48.0666666666667,2009,3,"davison",-10.2898721357242,7.54511375189416,-4.00055319635709,14.091478597232,2.28876574301005,20.6378434425699,0.733963538629463,2.24070522922852,67.9362042477723,61.5865681725364,0.241816485793897,0.877046941339667,"DAVISON","2009","davison_2009",3,2.46184962945865
"davison_2010","davison_2010",0,0,0,"davison",2060,206,2010,1,"davison",-10.086025660638,9.57214349458737,-5.45169466899193,15.7034684570387,-0.817363677345867,21.83479341949,0.6313241333672,3.76070297347555,70.1698876736544,59.7425783986667,0.20998238876642,0.916529594476656,"DAVISON","2010","davison_2010",1,4.66164715648607
"davison_2011","davison_2011",0,0,0,"davison",601,33.3888888888889,2011,1,"davison",-11.4184222024078,7.53096829164667,-5.59158523093276,14.4300931938473,0.235251740542268,21.3292180960478,0.922152554513672,3.16284644269298,71.556629416176,60.1653949599603,0.207986771870511,0.927697356945012,"DAVISON","2011","davison_2011",1,1.82834044348365
"davison_2012","davison_2012",0,0,0,"davison",152,11.6923076923077,2012,5,"davison",-3.74976052909071,9.68818514982732,2.88904005782395,17.2572614128644,9.52784064473861,24.8263376759015,1.01303499591296,3.08512532385801,59.736815042883,54.3595542403253,0.516665888886804,1.29603210709715,"DAVISON","2012","davison_2012",5,3.19164780857199
"davison_2013","davison_2013",0.000348033092061476,0.00280466832216564,0.00118624128964223,"davison",3399,45.32,2013,5,"davison",-9.02633503901819,6.88698317306885,-3.28096912035846,13.4522184076951,2.46439679830127,20.0174536423213,0.71248156145932,3.2567216381568,71.2137869493728,62.280385295429,0.207695375161881,0.858673362589857,"DAVISON","2013","davison_2013",5,2.3365297318422
"dewey_2008","dewey_2008",8.19524158873554e-05,0.00703675066146426,0.00158896352952761,"dewey",650,50,2008,0,"dewey",-12.1626599990186,4.7372533374188,-5.25285325688001,11.8033913228306,1.65695348525863,18.8695293082424,0.379048035272017,3.02166898972193,66.8259819520583,60.943456964267,0.230946763897261,0.759213784266365,"DEWEY","2008","dewey_2008",0,3.25003792188093
"hughes_2005","hughes_2005",0,0,0,"hughes",5407,47.4298245614035,2005,4,"hughes",-9.86991414654028,7.3923384959439,-3.05500977480176,14.0869377073505,3.75989459693675,20.7815369187572,0.262428746260957,2.93521739703211,67.7134513487425,64.2050400329002,0.279835333863485,0.772264175028732,"HUGHES","2005","hughes_2005",4,1.56652637615842
"hughes_2006","hughes_2006",0.000416395108777574,0.00460682162353587,0.00176761146418431,"hughes",1726,26.1515151515152,2006,2,"hughes",-7.20976265517409,7.66192379857852,-1.19614743083135,15.8307264466871,4.81746779351138,23.9995290947958,0.455573078303968,0.891486897402942,68.7343609627016,59.6934476817224,0.254013679672856,1.15703087775488,"HUGHES","2006","hughes_2006",2,4.68975611903501
"hughes_2007","hughes_2007",0.00034881775230841,0.000947311768451981,0.000569298321296594,"hughes",21405,47.9932735426009,2007,2,"hughes",-10.0562219938215,7.52461663005979,-3.68459860983116,14.425208619563,2.68702477415915,21.3258006090663,0.917539508958345,2.91798545992364,69.7959969359062,63.019164063149,0.275047813222548,0.855085864585372,"HUGHES","2007","hughes_2007",2,1.30489555342733
"hughes_2008","hughes_2008",0.000533744303021971,0.001464809959349,0.000920587756132525,"hughes",15471,45.3695014662757,2008,5,"hughes",-12.2349237872186,4.61082675762619,-5.14881111410388,11.9147358140638,1.93730155901081,19.2186448705015,0.411301658691341,2.54393325367737,68.3680143025241,63.0997933657799,0.224052674070494,0.734302275451406,"HUGHES","2008","hughes_2008",5,2.70020615722923
"hughes_2009","hughes_2009",0,0,0,"hughes",9,9,2009,0,"hughes",-11.3070570507345,5.78699678701236,-4.85648731541486,12.8703724315608,1.59408241990474,19.9537480761094,0.739813608569043,1.46053421451005,71.1327954843492,63.3849468406706,0.211425937499374,0.830054008340993,"HUGHES","2009","hughes_2009",0,1.99451175927678
"hughes_2010","hughes_2010",0,0,0,"hughes",3150,143.181818181818,2010,1,"hughes",-11.2887397964196,7.3797901001926,-6.17984829018676,14.0523128789134,-1.0709567839539,20.7248356576343,0.67785319708153,3.35313042945729,73.081005892067,63.9272295227868,0.19045627795037,0.779771810488664,"HUGHES","2010","hughes_2010",1,2.52422327815567
"hughes_2011","hughes_2011",0,0,0,"hughes",9409,47.045,2011,0,"hughes",-12.6231945759943,5.76471488673919,-6.31426900338914,12.8511038876045,-0.0053434307839691,19.9374928884699,0.841072330589659,3.51407181272426,72.9540925472094,64.8686691549738,0.18545554786643,0.757911581684815,"HUGHES","2011","hughes_2011",0,1.78417279753402
"hughes_2012","hughes_2012",0.00202783397911609,0.0149866807582284,0.00645954446827844,"hughes",719,24.7931034482759,2012,7,"hughes",-5.18308181752666,8.31553256644032,1.87880837057799,16.1619941604477,8.94069855868262,24.0084557544551,0.559408248755771,2.36905843128638,59.5257254174165,55.4556013805209,0.49234377056138,1.19690175442068,"HUGHES","2012","hughes_2012",7,7.72888764880959
"hughes_2013","hughes_2013",0.00206591998985017,0.00598054151433355,0.00368816708484727,"hughes",4096,42.6666666666667,2013,6,"hughes",-10.8778471633447,5.16092615349468,-4.79647739379974,12.3449606828264,1.28489237574524,19.5289952121582,0.468843958265793,2.73845403382069,74.2490317670357,62.6860964001231,0.166053662608676,0.832689412764306,"HUGHES","2013","hughes_2013",6,2.16785313901341
"lawrence_2004","lawrence_2004",0,0,0,"lawrence",138,13.8,2004,1,"lawrence",-7.09566906726099,3.31869251365069,-1.07649492166124,10.2858061500705,4.94267922393849,17.2529197864904,0.917889523737092,1.28990057358851,56.7948323854693,54.8930921579227,0.365492564769121,0.799118307644005,"LAWRENCE","2004","lawrence_2004",1,3.82467122844832
"lincoln_2006","lincoln_2006",0.000494619732733456,0.0356962166327846,0.00818279640079048,"lincoln",133,13.3,2006,4,"lincoln",-6.38117038378385,9.41006978307605,-1.13735955979512,16.2475273523652,4.1064512641936,23.0849849216545,0.748673140453015,2.45694023297338,73.9563212526733,61.7728999790292,0.198890177838232,0.988601053142339,"LINCOLN","2006","lincoln_2006",4,7.84863834422666
"lincoln_2007","lincoln_2007",0,0,0,"lincoln",56,18.6666666666667,2007,4,"lincoln",-9.43705101904149,9.42084818758686,-4.24469060649356,15.7436108274669,0.947669806054362,22.0663734673469,1.19647223105782,2.43445545479842,73.1489565847913,59.8653865781457,0.217775470691158,0.941520595763024,"LINCOLN","2007","lincoln_2007",4,3.78386476640036
"lincoln_2008","lincoln_2008",0,0,0,"lincoln",7,7,2008,2,"lincoln",-12.6130673070569,6.95158399128743,-7.1150449820838,13.3831940367145,-1.61702265711066,19.8148040821415,0.422454586514445,3.49066323662234,77.6392896128077,62.5232828974232,0.127718110096684,0.803445752577077,"LINCOLN","2008","lincoln_2008",2,2.31673770463803
"lincoln_2009","lincoln_2009",0,0,0,"lincoln",43,21.5,2009,1,"lincoln",-10.7962396875032,7.63342619655759,-4.57633825575746,14.092107127953,1.64356317598831,20.5507880593484,0.573046646535465,2.15429480108968,71.4938702633523,60.3249621394206,0.217392823908727,0.870931704562532,"LINCOLN","2009","lincoln_2009",1,1.71506727416279
"lincoln_2010","lincoln_2010",0,0,0,"lincoln",304,30.4,2010,3,"lincoln",-10.9307816959959,9.08466821280887,-5.81835770378995,15.6908559565171,-0.705933711583993,22.2970437002254,0.977836263996734,3.55892410260312,73.4744758873769,61.5665770256501,0.193311582833273,0.906116565747222,"LINCOLN","2010","lincoln_2010",3,3.93025849542424
"lincoln_2011","lincoln_2011",0,0,0,"lincoln",289,26.2727272727273,2011,0,"lincoln",-11.6762977939297,7.59903274278038,-6.00942819279188,14.4691338042766,-0.342558591654085,21.3392348657729,0.935587791210286,3.6188022772,75.2000024869348,62.4514058891107,0.172541195734863,0.877854070902833,"LINCOLN","2011","lincoln_2011",0,1.92871311040285
"lincoln_2012","lincoln_2012",0,0,0,"lincoln",78,15.6,2012,7,"lincoln",-4.37492090860479,9.81519950675579,1.91936849087892,17.4818426067677,8.21365789036261,25.1484857067796,0.967515552423731,2.73742177245755,65.8387113443255,54.9325299709132,0.424996887316178,1.28883706531242,"LINCOLN","2012","lincoln_2012",7,3.5241749136155
"meade_2005","meade_2005",0.000118390482845516,0.00142437515167188,0.000534567087632063,"meade",5520,35.8441558441558,2005,0,"meade",-8.42912195625649,6.40111714109075,-1.61431631280563,13.3140600117938,5.20048933064529,20.2270028824968,0.351039793897888,2.49002097315281,62.2989531826713,59.692752944022,0.353757997790548,0.862906301028528,"MEADE","2005","meade_2005",0,1.27002203863901
"meade_2011","meade_2011",0,0,0,"meade",367,24.4666666666667,2011,0,"meade",-10.7842466741525,4.69140759702763,-4.13549839521025,11.5613004634632,2.513249883732,18.4311933298987,0.827552309389812,3.19083681121983,65.4226178248431,63.8440199026921,0.262504644772859,0.710452166278265,"MEADE","2011","meade_2011",0,3.42857099384534
"mellette_2006","mellette_2006",0,0,0,"mellette",12,12,2006,2,"mellette",-6.34455488495577,8.24564625444883,0.165844481668868,16.3198472337101,6.67624384829348,24.3940482129715,0.789030554161314,1.28623004361058,65.3881045549213,57.1739456190423,0.334058486760425,1.21829725955528,"MELLETTE","2006","mellette_2006",2,2.4459176204105
"minnehaha_2004","minnehaha_2004",0,0,0,"minnehaha",250,50,2004,2,"minnehaha",-10.0336464054064,6.71804462642632,-4.48436292415498,13.6816244600938,1.06492055709641,20.6452042937613,0.94094639195175,3.20981191462721,71.2016997055916,59.5964283219785,0.198981218917017,0.872646233211886,"MINNEHAHA","2004","minnehaha_2004",2,4.02264809467517
"minnehaha_2005","minnehaha_2005",0.000461955257603014,0.00503731347639307,0.00196006885826727,"minnehaha",1620,47.6470588235294,2005,6,"minnehaha",-9.62401176557878,8.91173203463046,-3.89667672853099,15.1376803805055,1.83065830851679,21.3636287263806,0.700905543334148,3.48854319648791,71.3304264422156,63.751112195596,0.205927795651162,0.790907054633442,"MINNEHAHA","2005","minnehaha_2005",6,4.59683373079977
"minnehaha_2006","minnehaha_2006",0.000617162391470575,0.0454463592071184,0.0104597265796149,"minnehaha",105,9.54545454545454,2006,10,"minnehaha",-6.96826098210272,8.99674650713998,-2.0609849937164,15.5267805391453,2.84629099466991,22.0568145711506,0.724165225934063,2.42534415879143,74.8164270246555,62.4560449884116,0.171286818125287,0.910450747154239,"MINNEHAHA","2006","minnehaha_2006",10,6.30707900018245
"minnehaha_2007","minnehaha_2007",0,0,0,"minnehaha",168,24,2007,5,"minnehaha",-9.93079324406135,8.71058028793751,-5.00618717126166,14.9299146276838,-0.0815810984619729,21.1492489674301,1.31076260665748,2.58800953712543,73.0485338365289,60.7735892224183,0.193116566730473,0.869483319510732,"MINNEHAHA","2007","minnehaha_2007",5,2.27593491088496
"minnehaha_2008","minnehaha_2008",0,0,0,"minnehaha",211,26.375,2008,4,"minnehaha",-13.0519837846824,6.2852872333607,-7.6273115731088,12.6280090547663,-2.20263936153519,18.970730876172,0.393345121585028,3.132533817387,74.8887862818348,62.2714070181211,0.131059917048254,0.756860771177281,"MINNEHAHA","2008","minnehaha_2008",4,1.61265423748404
"minnehaha_2009","minnehaha_2009",0,0,0,"minnehaha",60,30,2009,2,"minnehaha",-11.5289847317077,6.93628751057681,-5.55839288939449,13.2918471835498,0.412198952918749,19.6474068565229,0.621985324226109,2.0874245376376,71.5659594599778,61.1829199074927,0.197442336893512,0.807593278888492,"MINNEHAHA","2009","minnehaha_2009",2,2.40633968651309
"minnehaha_2010","minnehaha_2010",7.13450087166249e-05,0.000639655720240863,0.000132380164966625,"minnehaha",6603,35.1223404255319,2010,3,"minnehaha",-11.3214704260278,8.59142820387643,-6.45762774806249,14.8737328999046,-1.59378507009722,21.1560375959328,0.939323715379798,3.50514734920463,75.0970085777233,61.9588611147026,0.170625295903542,0.823002859730099,"MINNEHAHA","2010","minnehaha_2010",3,3.25608716645664
"minnehaha_2011","minnehaha_2011",0,0,0,"minnehaha",792,16.8510638297872,2011,2,"minnehaha",-12.1664308520507,7.11603920305372,-6.72264446995557,13.5955008718389,-1.27885808786045,20.0749625406242,1.02400103471102,3.48193081423392,75.0420809519387,63.6799506649732,0.154314268852839,0.781659764930711,"MINNEHAHA","2011","minnehaha_2011",2,2.10675171685333
"minnehaha_2012","minnehaha_2012",0,0,0,"minnehaha",191,15.9166666666667,2012,5,"minnehaha",-4.86079535320236,9.29676712996426,1.26401156742356,16.5767728948972,7.38881848804947,23.8567786598303,0.942603851413972,3.10903992960175,64.2431859059254,55.6586356190083,0.408768836217941,1.16527679078013,"MINNEHAHA","2012","minnehaha_2012",5,3.35830858298599
"pennington_2004","pennington_2004",0,0,0,"pennington",3091,45.4558823529412,2004,5,"pennington",-7.71700882741092,4.6485482336564,-1.2023553493653,12.2492406993408,5.31229812868037,19.8499331650252,0.559880542211806,1.25526785227427,63.1948742216613,56.1055275294876,0.354737207971184,0.928277374365515,"PENNINGTON","2004","pennington_2004",5,2.68737289422295
"pennington_2005","pennington_2005",0.000109504212911292,0.00128400880935038,0.000280033582072583,"pennington",3457,43.7594936708861,2005,3,"pennington",-7.73854555347886,5.80355706290694,-1.01391385635491,12.6544930953902,5.71071784076909,19.5054291278734,0.462926868757293,2.5945313101467,59.8004203317972,58.1196771419685,0.376161285688037,0.866946655682824,"PENNINGTON","2005","pennington_2005",3,1.78446143534116
"pennington_2006","pennington_2006",0,0,0,"pennington",216,36,2006,8,"pennington",-6.8753369067802,6.72584006237268,-0.473490862418822,14.5471740366572,5.92835518194259,22.3685080109417,0.745085362661425,1.61768064998199,61.098402489283,55.6243054186429,0.347790782922715,1.12228742450959,"PENNINGTON","2006","pennington_2006",8,1.67921635333246
"pennington_2008","pennington_2008",9.80246743837056e-05,0.00140908646536547,0.000453103853784823,"pennington",4492,36.8196721311475,2008,3,"pennington",-9.89709348702345,3.8676622696514,-3.03844035036297,10.7657696929361,3.82021278629756,17.6638771162207,0.488953156819709,3.57805500512597,62.2105761186424,59.4404275312237,0.292380164486762,0.744571218407423,"PENNINGTON","2008","pennington_2008",3,2.69914645822597
"sanborn_2006","sanborn_2006",0,0,0,"sanborn",14,4.66666666666667,2006,1,"sanborn",-6.53409860133443,8.73627288123517,-1.06316276722587,16.2365748579307,4.40777306688268,23.7368768346261,0.431278706599233,1.72646285940454,71.0458080749488,61.7116293870421,0.227478675239026,1.0468200982921,"SANBORN","2006","sanborn_2006",1,3.79944182042693
"spink_2006","spink_2006",0,0,0,"spink",25,6.25,2006,4,"spink",-7.7872723751476,7.81138762540966,-2.79927543324601,15.0273089802344,2.18872150865558,22.2432303350591,0.433889105942734,1.53176022022929,74.1046177325112,64.2380195543835,0.176968090981019,0.911203932046787,"SPINK","2006","spink_2006",4,3.1211475264287
"union_2011","union_2011",0,0,0,"union",753,31.375,2011,0,"union",-10.5517462624102,8.16258448825292,-4.8072394312223,15.1651421469353,0.937267399965552,22.1676998056176,0.912225331180435,4.24908489314126,74.0208192039596,61.1507734533474,0.199115588624347,0.947854250989758,"UNION","2011","union_2011",0,2.62304820460391
"ziebach_2005","ziebach_2005",0.000156718749501679,0.0021239519782616,0.00069244732076614,"ziebach",2948,42.7246376811594,2005,0,"ziebach",-8.99979600947172,6.98819456671377,-2.50909618098669,13.6563817267833,3.98160364749832,20.3245688868529,0.358062242140599,2.67020518108538,64.0503531928922,61.3898798098205,0.305662034102137,0.810141865084826,"ZIEBACH","2005","ziebach_2005",0,2.85171552366209
